row_id,english,marathi_machine_draft,hindi_machine_draft,category,source,safe_literal,preserved_literals,decision,reviewer,source_commit,english_sha256,row_sha256,machine_draft_provider
ETP-L10N-001,Retail ETP Reports,किरकोळ ETP अहवाल,खुदरा ETP रिपोर्ट,static-title,www/modules/etp/index.html,yes,ETP,translate,Sagar (sagarbora91),4b5c9c5c883f621cc31ea22d18203425ebcdc88d,087ddc6b98ee62204d95c02ccb0704f7caffe8800d6fcae4e3a272487ede5279,e0d92c82e53dda08235cd45138cc3680e1a61475239bbffcbad061608e3ae591,google-translate-connected-draft
ETP-L10N-002,REPORTS · RETAIL ETP,अहवाल · रिटेल ETP,रिपोर्ट · खुदरा ETP,static-kicker,www/modules/etp/index.html,yes,ETP,translate,Sagar (sagarbora91),4b5c9c5c883f621cc31ea22d18203425ebcdc88d,d6013871d642a240c9651f0e75d21664e106a2845dc09dde55ac12f814775b3a,43ab9c6163156c463502fbacdf9574ecc2ae469fc08351edf0d9d5f14398e003,google-translate-connected-draft
ETP-L10N-003,Verified Retail reports,सत्यापित किरकोळ अहवाल,सत्यापित खुदरा रिपोर्ट,static-heading,www/modules/etp/index.html,no,,translate,Sagar (sagarbora91),4b5c9c5c883f621cc31ea22d18203425ebcdc88d,94df23e7852b9caf1e56e28b0ec0f6c644e708a29add83608316381f6acb5093,0102ad6fbab72502ee5f462aa5e4281a7ca9b3836e828ec7fc4e77f4074d09cb,google-translate-connected-draft
ETP-L10N-004,WLMHW and HEMW · encrypted on-device facts · read-only reporting shell,WLMHW आणि HEMW · एंक्रिप्टेड ऑन-डिव्हाइस तथ्ये · केवळ-वाचनीय रिपोर्टिंग शेल,WLMHW और HEMW · एन्क्रिप्टेड ऑन-डिवाइस तथ्य · रीड-ओनली रिपोर्टिंग शेल,static-description,www/modules/etp/index.html,yes,HEMW;WLMHW,translate,Sagar (sagarbora91),4b5c9c5c883f621cc31ea22d18203425ebcdc88d,29f2982700c28941972d227d2aec1571a609a6bdab3e385a2e4e75a46723d7cd,b1da18adb7dfdfd1113f7e2d785447786d134d7f5c6398255f97462b98e5c7f3,google-translate-connected-draft
ETP-L10N-005,Retail ETP sections,किरकोळ ETP विभाग,खुदरा ETP अनुभाग,static-accessibility,www/modules/etp/index.html,yes,ETP,translate,Sagar (sagarbora91),4b5c9c5c883f621cc31ea22d18203425ebcdc88d,10bc2d4996048336f9a9870e93e335a5ca70d7c5a27474fb4ab47e8e5edca4cd,ac22f5767d88c20226210fdfc8ffe0b179feb8f8336e975297ccd11e4de19a0e,google-translate-connected-draft
ETP-L10N-006,Import,आयात करा,आयात,static-control,www/modules/etp/index.html,no,,approved-not-imported-shared-phrase,Sagar (sagarbora91),4b5c9c5c883f621cc31ea22d18203425ebcdc88d,2cff9baabf56ca002610e113bc94deb6ededddfc3c130365b6e88ed5195bf774,300b16083fc3d57c7cd04efa72f4a87992bc3c72054357b62272e4b853da1efa,google-translate-connected-draft
ETP-L10N-007,Verified Reports,सत्यापित अहवाल,सत्यापित रिपोर्ट,static-control,www/modules/etp/index.html,no,,translate,Sagar (sagarbora91),4b5c9c5c883f621cc31ea22d18203425ebcdc88d,c855165f5e2d3146efb560042971de63f47e1e724d61a534da8b3a7441d21a18,ab5f6aed3e989342592a1446dbb811335d63d6b54638a872191d0f22f4bbfecf,google-translate-connected-draft
ETP-L10N-008,Scope,व्याप्ती,दायरा,static-label,www/modules/etp/index.html,no,,translate,Sagar (sagarbora91),4b5c9c5c883f621cc31ea22d18203425ebcdc88d,b073f6c68ef8721107fd9815b19b2c35ec111d526b75c2123d1111ba64424000,356534f0e7b3d2874f684208d6bb2bf7c212e1b6585b1a97a626919913fbfe35,google-translate-connected-draft
ETP-L10N-009,Coverage & History,कव्हरेज आणि इतिहास,कवरेज और इतिहास,static-control,www/modules/etp/index.html,no,,translate,Sagar (sagarbora91),4b5c9c5c883f621cc31ea22d18203425ebcdc88d,0dbae6f3cea2f9b1e9dbca6e98f52a204a9d6f48681d4a82d31ecb01fdee3f90,a1708c0a8749a03e0e1166bf1b3af02e6b0484f892444e64773ef04e1101e64f,google-translate-connected-draft
ETP-L10N-010,Reconciliation & Exceptions,ताळमेळ आणि अपवाद,मिलान और अपवाद,static-control,www/modules/etp/index.html,no,,translate,Sagar (sagarbora91),4b5c9c5c883f621cc31ea22d18203425ebcdc88d,a20b01f5718643d8b38588f0a8dd06e85b94b0d655a3f60e98a055e7da52b199,69ce41e5e09139f281ed20f09b15625022316289fe6a77b7c342d5836f9e46fe,google-translate-connected-draft
ETP-L10N-011,Preparing the verified data gateway,सत्यापित डेटा गेटवे तयार करत आहे,सत्यापित डेटा गेटवे तैयार करना,static-status,www/modules/etp/index.html,no,,translate,Sagar (sagarbora91),4b5c9c5c883f621cc31ea22d18203425ebcdc88d,71f22e4ed994a35a61b3bb32620f9231cf627fd9bc3f7a038e57e6166190af67,69236c01ac0e1c7e29fd37b76e1b40ee1dbc5c9a2270c3106b0f2d72fea8011a,google-translate-connected-draft
ETP-L10N-012,This shell never reads the native ETP store directly. Data appears only through the governed parent gateway.,हे शेल नेटिव्ह ETP स्टोअर थेट कधीही वाचत नाही. डेटा फक्त नियंत्रित मुख्य गेटवेद्वारे दिसतो.,यह शेल नेटिव ETP स्टोर को कभी सीधे नहीं पढ़ता। डेटा केवल नियंत्रित मुख्य गेटवे के माध्यम से दिखाई देता है।,static-status,www/modules/etp/index.html,yes,ETP,translate,Sagar (sagarbora91),4b5c9c5c883f621cc31ea22d18203425ebcdc88d,7ccb8dc4fef4c4a0a6eb86e442adcc209e2dd7cf05d0bd94d7da7397ec5c995f,afd99aaa01e077e2eaee94bd3a0e6264d612e0064dbbd531a310e1d490b9d1a1,google-translate-connected-draft
ETP-L10N-013,Import & Validate,आयात करा आणि प्रमाणित करा,आयात और सत्यापन करें,static-heading,www/modules/etp/index.html,no,,translate,Sagar (sagarbora91),4b5c9c5c883f621cc31ea22d18203425ebcdc88d,37da17f8082d34ea430cd7eecd85729f95310ebbaf82ff21ab7540b2a8b5079e,0bd0d08b903e30e428f194a94405227be2f6622e771f2d04e0635c94475d6bb3,google-translate-connected-draft
ETP-L10N-014,"Select the exact R003, R013, R022 and R025 reports, validate their common period and publish only after owner approval.","अचूक R003, R013, R022 आणि R025 अहवाल निवडा, त्यांचा सामान्य कालावधी सत्यापित करा आणि मालकाच्या मंजुरीनंतरच प्रकाशित करा.","सटीक R003, R013, R022 और R025 रिपोर्ट का चयन करें, उनकी सामान्य अवधि को मान्य करें और मालिक की मंजूरी के बाद ही प्रकाशित करें।",static-description,www/modules/etp/index.html,yes,R003;R013;R022;R025,translate,Sagar (sagarbora91),4b5c9c5c883f621cc31ea22d18203425ebcdc88d,9fe25b227aa01b11b14681c29815d41d91565e8f9122c92afc026ad961da66a3,21f049e85effd0171cf37e8757c74477ae83317b8b3c0444072e8d04f001c0b6,google-translate-connected-draft
ETP-L10N-015,Store and complete period,स्टोअर आणि संपूर्ण कालावधी,स्टोर और पूरी अवधि,static-heading,www/modules/etp/index.html,no,,translate,Sagar (sagarbora91),4b5c9c5c883f621cc31ea22d18203425ebcdc88d,71e69d3badace6842287e8a42338e9039801a03c0ce3f0944f344fe7c18d8503,a9ff3980c6cc07404f34e845a3b028afe2f502de2f0a91f15108dcd815e52d08,google-translate-connected-draft
ETP-L10N-016,Store,स्टोअर,स्टोर,static-label,www/modules/etp/index.html,no,,approved-not-imported-shared-phrase,Sagar (sagarbora91),4b5c9c5c883f621cc31ea22d18203425ebcdc88d,ee7da936b5cb293e9ae2fa0982bc5fcd4bdb11f4e7233bfdd81c1446010b4478,66c4b2059a4e1db9702567ca88d5eee86c4f0304c83ee706f94ec32a5e16609b,google-translate-connected-draft
ETP-L10N-017,WLMHW,WLMHW,WLMHW,safe-literal,www/modules/etp/index.html,yes,WLMHW,preserve-literal,Sagar (sagarbora91),4b5c9c5c883f621cc31ea22d18203425ebcdc88d,ea1411715cbf8472d6a6da8b61e9f76d7c132d7e291f66cec4cad13bc86da5d9,58c713a13efe8d8eb67f1335dcb3f05c485cc8d5fadafd18e70a4b65d27888c6,google-translate-connected-draft
ETP-L10N-018,HEMW,HEMW,HEMW,safe-literal,www/modules/etp/index.html,yes,HEMW,preserve-literal,Sagar (sagarbora91),4b5c9c5c883f621cc31ea22d18203425ebcdc88d,4990882b62410c8c60c73d8552be973235edf900fc372a97404cc7d00362c745,35258b92034c84faeca332442f96f330cd2b28697f11f036f7f1ad0e5bd7f6ac,google-translate-connected-draft
ETP-L10N-019,Financial year,आर्थिक वर्ष,वित्तीय वर्ष,static-label,www/modules/etp/index.html,no,,translate,Sagar (sagarbora91),4b5c9c5c883f621cc31ea22d18203425ebcdc88d,32cc836f42008b8cb302f2377d87981af8c7a941ce21926f420f02ce66241724,911c598021cdfdac586f2e80404f5095d185ce8788e9b9aaa2bb67bca810979d,google-translate-connected-draft
ETP-L10N-020,2026-27,2026-27,2026-27,safe-literal,www/modules/etp/index.html,yes,2026-27,preserve-literal,Sagar (sagarbora91),4b5c9c5c883f621cc31ea22d18203425ebcdc88d,9e1ca07d7f194227906abd6b1cbbf782638cffafa83bdf29cf85830ae934e4c3,38ce1b4e85d299747557c7187d8a70cff5b5ccb56b274eb5eb1cdefca4ed5e56,google-translate-connected-draft
ETP-L10N-021,From,पासून,से,static-label,www/modules/etp/index.html,no,,translate,Sagar (sagarbora91),4b5c9c5c883f621cc31ea22d18203425ebcdc88d,218197693424e0154cefc0af31aed96c084b987e08136e91d5528ddbb5461e24,dac658bd85a3a0069a8304bd5ca339d6a5fc7b0486ea07c346b7c655a9faf8c9,google-translate-connected-draft
ETP-L10N-022,To,ला,को,static-label,www/modules/etp/index.html,no,,approved-not-imported-shared-phrase,Sagar (sagarbora91),4b5c9c5c883f621cc31ea22d18203425ebcdc88d,f4b06ef6d3c81436f60a318c81c42f8f7e2d774d45a22f3b9b5f3b6980d28146,ba2fdcc2adb58d999513a1b7180d7f8f69d2f372f2e3404a1ba944134a82fc1b,google-translate-connected-draft
ETP-L10N-023,Required Retail ETP reports,आवश्यक रिटेल ETP अहवाल,आवश्यक खुदरा ETP रिपोर्ट,static-accessibility,www/modules/etp/index.html,yes,ETP,translate,Sagar (sagarbora91),4b5c9c5c883f621cc31ea22d18203425ebcdc88d,11d5e2930e4c0c3da736d1aadba3876285e15ddc13d66a2f2dc8a6e53532ed67,f7d1238298e08d6bed03c75ed26db68222462358d9a64226f3b4180f956a6e84,google-translate-connected-draft
ETP-L10N-024,R003,R003,R003,safe-literal,www/modules/etp/index.html,yes,R003,preserve-literal,Sagar (sagarbora91),4b5c9c5c883f621cc31ea22d18203425ebcdc88d,9b69d6ccf11f4dabdf42e3c52754d2a929ae20bbb3d84a4efe198ca0d3ef5a33,67bc7255fb5b3cfb90c4bde31b9cdd7e5f0735fcc8924ecdc47c8a2a88103f63,google-translate-connected-draft
ETP-L10N-025,Choose All Discount Type XLSX,सर्व सूट प्रकार XLSX निवडा,सभी डिस्काउंट प्रकार XLSX चुनें,static-control,www/modules/etp/index.html,yes,XLSX,translate,Sagar (sagarbora91),4b5c9c5c883f621cc31ea22d18203425ebcdc88d,4691c0c5ca69fe1e189ad87b0945ad687a13bf575929096b6048143b746a7ef6,438fb2495ba86f689a056b8e14049d98577e82660ee05d1bcc84130f86a30031,google-translate-connected-draft
ETP-L10N-026,R013,R013,R013,safe-literal,www/modules/etp/index.html,yes,R013,preserve-literal,Sagar (sagarbora91),4b5c9c5c883f621cc31ea22d18203425ebcdc88d,523ef732c0f33f16996dd9ead0725af2f65e34ef38224e6d3efad58453861a78,54d90e07481ff72536c657bed4435ffb929dc7c919c96802b8f407e2d42980e9,google-translate-connected-draft
ETP-L10N-027,Choose CRO Wise Sales XLSX,CRO-नुसार विक्री XLSX निवडा,CRO-वार बिक्री XLSX चुनें,static-control,www/modules/etp/index.html,yes,CRO;XLSX,translate,Sagar (sagarbora91),4b5c9c5c883f621cc31ea22d18203425ebcdc88d,499167209b74b95a66c5e897cf52093b41b15d6151a2645ac4ea4bedee9850f7,1c31f8b2926b7f160c1837c38e3a49bbc3b8628f7c22b78c911e0df191c1e65a,google-translate-connected-draft
ETP-L10N-028,R022,R022,R022,safe-literal,www/modules/etp/index.html,yes,R022,preserve-literal,Sagar (sagarbora91),4b5c9c5c883f621cc31ea22d18203425ebcdc88d,e584d0f7289ec89a038df46b7612ae2757e3c97ab3f8424cbebd5ff67e36e109,353216240421ab782c23948f43b0e41bf5240791abad7c15babab6eb69ee99c8,google-translate-connected-draft
ETP-L10N-029,Choose Revenue Report XLSX,महसूल अहवाल XLSX निवडा,राजस्व रिपोर्ट XLSX चुनें,static-control,www/modules/etp/index.html,yes,XLSX,translate,Sagar (sagarbora91),4b5c9c5c883f621cc31ea22d18203425ebcdc88d,8a3d9d84c0344bcfd720fd5f798e932a3cc55028d90e3306142eb34ea428d1be,5bf766581e6dcd1836868fa5d34ba91795cb726936f3f022a490a6f12cbd09d4,google-translate-connected-draft
ETP-L10N-030,R025,R025,R025,safe-literal,www/modules/etp/index.html,yes,R025,preserve-literal,Sagar (sagarbora91),4b5c9c5c883f621cc31ea22d18203425ebcdc88d,6be1e0f79691a2c2516b90ffb87a46c57394381a7af1e39cbabb33e76f625119,083fd77bde7c283399342462c5a5f746e450439614761e4a986be9d7d4127afd,google-translate-connected-draft
ETP-L10N-031,Choose SDB Variantwise Sales XLSX,SDB पर्यायानुसार विक्री XLSX निवडा,SDB वैरिएंट अनुसार बिक्री XLSX चुनें,static-control,www/modules/etp/index.html,yes,SDB;XLSX,translate,Sagar (sagarbora91),4b5c9c5c883f621cc31ea22d18203425ebcdc88d,1777a833428620ccb3d605ecf763a0b0f3e30777e44ed39c2d00b1ebedfc6e81,6c648308067ac7daea19035014ab2648f87c15f1f64bfa40b84bdce9ad7e403c,google-translate-connected-draft
ETP-L10N-032,I confirm all four exports cover the complete selected period. Publication requires fresh Owner approval.,मी पुष्टी करतो की सर्व चार निर्यात निवडलेला संपूर्ण कालावधी व्यापतात. प्रकाशनासाठी मालकाची नव्याने मंजुरी आवश्यक आहे.,मैं पुष्टि करता हूँ कि सभी चार निर्यात पूरी चयनित अवधि को कवर करते हैं। प्रकाशन के लिए मालिक की नई मंजूरी आवश्यक है।,static-control,www/modules/etp/index.html,no,,translate,Sagar (sagarbora91),4b5c9c5c883f621cc31ea22d18203425ebcdc88d,4382bf0ebf268d7eb43f18c154a9e0812a71c5e768648df21871e4c8474c96d2,5916fd70df3d0a6dda5d27221daca8ee0734ae30133d796160e423bda0a67d02,google-translate-connected-draft
ETP-L10N-033,Select an exact scope and all four reports. Nothing is published during validation.,अचूक स्कोप आणि सर्व चार अहवाल निवडा. प्रमाणीकरणादरम्यान काहीही प्रकाशित केले जात नाही.,एक सटीक दायरा और सभी चार रिपोर्ट चुनें। सत्यापन के दौरान कुछ भी प्रकाशित नहीं किया जाता है.,static-status,www/modules/etp/index.html,no,,translate,Sagar (sagarbora91),4b5c9c5c883f621cc31ea22d18203425ebcdc88d,298c7a3eab6dccd523d58578916ae9bc91134c25bf0addaad9691b9037c6fd49,5a077691b247af229ce324dda43b3350d697ed7bcf859748b916e782bdccac45,google-translate-connected-draft
ETP-L10N-034,Validate reports,अहवाल सत्यापित करा,रिपोर्ट मान्य करें,static-control,www/modules/etp/index.html,no,,translate,Sagar (sagarbora91),4b5c9c5c883f621cc31ea22d18203425ebcdc88d,d3ece59e2c4648af08536e626f3d8f4ca93adabee643089f7428ad112696bb3e,961ea434264550fb868c2d3c5c680df85e1fe2d25cb40ed757030ff3cd9ab14e,google-translate-connected-draft
ETP-L10N-035,Confirm and publish,पुष्टी करा आणि प्रकाशित करा,पुष्टि करें और प्रकाशित करें,static-control,www/modules/etp/index.html,no,,translate,Sagar (sagarbora91),4b5c9c5c883f621cc31ea22d18203425ebcdc88d,e1ee1bc803d62095f8330a57c9d232af35cf2a1698337aba88077736b71c8f60,939ac326e64d7c6cada329ef2d42969d6366fc150ed5ab521eaf32b783ec243b,google-translate-connected-draft
ETP-L10N-036,Selected workbook bytes are used only for validation and are released after a terminal success. Raw rows and customer information are never rendered here.,निवडलेल्या वर्कबुकमधील बाइट्स फक्त पडताळणीसाठी वापरले जातात आणि प्रक्रिया यशस्वी झाल्यावर मुक्त केले जातात. कच्च्या ओळी आणि ग्राहक माहिती येथे कधीही दाखवली जात नाही.,चयनित वर्कबुक के बाइट्स केवल सत्यापन के लिए उपयोग किए जाते हैं और प्रक्रिया सफल होने पर मुक्त कर दिए जाते हैं। कच्ची पंक्तियाँ और ग्राहक जानकारी यहाँ कभी प्रदर्शित नहीं होतीं।,static-description,www/modules/etp/index.html,no,,translate,Sagar (sagarbora91),4b5c9c5c883f621cc31ea22d18203425ebcdc88d,38cdb29d163aefaeb87b60a6b97d38bc84acf1bcfc6df90765bc5d663bc850cb,96fcb7cc94ce43bc659b87a13fdae262c2c9beb42b62dd1c876d17de9314e711,google-translate-connected-draft
ETP-L10N-037,Only an authenticated active generation with passed blocking reconciliation may supply these read-only views.,प्रकाशन रोखणारा ताळमेळ यशस्वी झालेली प्रमाणित सक्रिय डेटा आवृत्तीच ही केवळ-वाचनीय दृश्ये देऊ शकते.,प्रकाशन रोकने वाला मिलान सफल होने वाली प्रमाणित सक्रिय डेटा पीढ़ी ही ये केवल-पढ़ने योग्य दृश्य दिखा सकती है।,static-description,www/modules/etp/index.html,no,,translate,Sagar (sagarbora91),4b5c9c5c883f621cc31ea22d18203425ebcdc88d,5639365e814709c0b03b9eac1ca1e5a6d1d930d81d463811023867ed625a6804,91c40b5ee79da834430914358eb6f467d45cc4d934b52de448f64ba363e05d74,google-translate-connected-draft
ETP-L10N-038,Loading published scopes…,प्रकाशित स्कोप लोड करत आहे...,प्रकाशित दायरे लोड हो रहे हैं...,static-status,www/modules/etp/index.html,no,,translate,Sagar (sagarbora91),4b5c9c5c883f621cc31ea22d18203425ebcdc88d,a04d0ad838d42a2f981a8afa1e14740db778f0dfbe510f64ffb1bdc92ceccc63,c565ed5714f94473b1ff24b317f4d0edec94b1d8de477e391934c53d46f8365e,google-translate-connected-draft
ETP-L10N-039,Refresh verified views,सत्यापित दृश्ये रीफ्रेश करा,सत्यापित दृश्य ताज़ा करें,static-control,www/modules/etp/index.html,no,,translate,Sagar (sagarbora91),4b5c9c5c883f621cc31ea22d18203425ebcdc88d,3fa2296ccfa47506cd287c756a530923ac55c1d291f733d643933ca4a12cc838,78a1736487e7ef95ecfe2be130af3f4b64a7b4b823ad887aafc5e02339e15165,google-translate-connected-draft
ETP-L10N-040,R022 · Revenue & tender,R022 · महसूल आणि पेमेंट प्रकार,R022 · राजस्व और भुगतान प्रकार,static-heading,www/modules/etp/index.html,yes,R022,translate,Sagar (sagarbora91),4b5c9c5c883f621cc31ea22d18203425ebcdc88d,9f17654a1a01043d406f81ff11db783f1f3a3bcd7ca9a68c733d33cf0fe1f9be,3ea4d5d4f233eafa5c42142bee89d442e6b0013c96091a25bbc1ec20368d98cc,google-translate-connected-draft
ETP-L10N-041,Invoice-level revenue and approved payment classifications.,इनव्हॉइस-स्तरीय महसूल आणि मंजूर पेमेंट वर्गीकरण.,चालान-स्तरीय राजस्व और अनुमोदित भुगतान वर्गीकरण।,static-description,www/modules/etp/index.html,no,,translate,Sagar (sagarbora91),4b5c9c5c883f621cc31ea22d18203425ebcdc88d,c6e4c72f9bde3cc48ef74d7dd0252b893d57455caad331d7527db5a5c173692b,8800087059155b985118c0899a60ff43afd49f96fd45c85745e5363e7dda9589,google-translate-connected-draft
ETP-L10N-042,Verified projection pending,सत्यापित डेटा दृश्य प्रलंबित,सत्यापित डेटा दृश्य लंबित है,static-status,www/modules/etp/index.html,no,,translate,Sagar (sagarbora91),4b5c9c5c883f621cc31ea22d18203425ebcdc88d,ede665b66b9c109397ebf2fc4647aa1f3947e3b73d51fff3a80e785628c2322b,b89c63ab3636d072246466a4d223597d48b672a812581ac9160d16085b87a545,google-translate-connected-draft
ETP-L10N-043,R025 · Sales detail,R025 · विक्री तपशील,R025 · बिक्री विवरण,static-heading,www/modules/etp/index.html,yes,R025,translate,Sagar (sagarbora91),4b5c9c5c883f621cc31ea22d18203425ebcdc88d,462ac0fb353d9eaacfabe670bf3025057d19359c57081311eed04cfe798dc4eb,d7ccd22ba6c217bf68bc92378f9031f2561f04c378c0500dc017dba32a3373e3,google-translate-connected-draft
ETP-L10N-044,"Item-level quantity, value, tax and safe product dimensions.","आयटम-स्तरीय प्रमाण, मूल्य, कर आणि सुरक्षित उत्पादन परिमाणे.","आइटम-स्तरीय मात्रा, मूल्य, कर और सुरक्षित उत्पाद आयाम।",static-description,www/modules/etp/index.html,no,,translate,Sagar (sagarbora91),4b5c9c5c883f621cc31ea22d18203425ebcdc88d,827d5756cd1f73167e2308fa85e40cd68c9a673e58b5bb3c52d523a7ceaa0ab7,d3f3dc5a4e5835f8635372cf9f2eec5872cdc440c8b4ba56d1a25c00d299d7f7,google-translate-connected-draft
ETP-L10N-045,R013 · CRO attribution,R013 · CRO विक्री श्रेय,R013 · CRO बिक्री श्रेय,static-heading,www/modules/etp/index.html,yes,CRO;R013,translate,Sagar (sagarbora91),4b5c9c5c883f621cc31ea22d18203425ebcdc88d,bb28918dcda688aaa922cb07765ad8f1d0b4e2b66526639ba2c17162c73fd223,4093d401aa79b4c9e60272f3c3a4859a368841ce0ee909cd7ac8c769db5b2af8,google-translate-connected-draft
ETP-L10N-046,CRO-attributed sales with unassigned and exception visibility.,"CRO ला श्रेय दिलेली विक्री, तसेच न जोडलेल्या नोंदी आणि अपवाद.","CRO को श्रेय दी गई बिक्री, साथ में असंबद्ध प्रविष्टियाँ और अपवाद।",static-description,www/modules/etp/index.html,yes,CRO,translate,Sagar (sagarbora91),4b5c9c5c883f621cc31ea22d18203425ebcdc88d,7a25b4917e63cc1a25c0545800b2fdced04bea3bed18c137d99c73865a54171e,d5613087951aadc9aebc761cf3af1a57c5012ff3c47943d9802c657d6df7c4a5,google-translate-connected-draft
ETP-L10N-047,R003 · Discounts,R003 · सूट,R003 · छूट,static-heading,www/modules/etp/index.html,yes,R003,translate,Sagar (sagarbora91),4b5c9c5c883f621cc31ea22d18203425ebcdc88d,d13f870fe8cf148871d3fae83bab907757aa4b9daabe86565d99f63a02ad1e7d,ddc1fb17b22a6829f55f0d28b9a1c7557eaa3cb400a8339bccac26c2f8c17019,google-translate-connected-draft
ETP-L10N-048,Scheme and manual-discount analysis without customer PII.,ग्राहक PII शिवाय योजना आणि मॅन्युअल-सवलत विश्लेषण.,ग्राहक PII के बिना योजना और मैनुअल-छूट विश्लेषण।,static-description,www/modules/etp/index.html,yes,PII,translate,Sagar (sagarbora91),4b5c9c5c883f621cc31ea22d18203425ebcdc88d,3e70448f74986cd211bed16385073eb747d3389d89ee46ae21d919112d3b6008,0d68637ddbbf794f157e506f095b8d76d7cda662783e3835534e98e0aaa98e16,google-translate-connected-draft
ETP-L10N-049,"Current receipt, verified-through date, four-report completeness, restore fence and bounded supersession history.","सध्याची पावती, पडताळणी पूर्ण झाल्याची तारीख, चारही अहवालांची पूर्णता, पुनर्स्थापनेनंतरचा प्रवेश-अवरोध आणि मर्यादित आवृत्ती-बदल इतिहास.","वर्तमान रसीद, सत्यापन-पूर्ण तिथि, चारों रिपोर्ट की पूर्णता, पुनर्स्थापना के बाद का पहुँच-अवरोध और सीमित संस्करण-परिवर्तन इतिहास।",static-description,www/modules/etp/index.html,no,,translate,Sagar (sagarbora91),4b5c9c5c883f621cc31ea22d18203425ebcdc88d,935e3051aae5b29a946d12932734c76e93c7c87c236db3c8f573dec3c94fc25b,a49c6767feb28e50fdfcd113b03deb1dcd1ed0384bce5e498eb9f3bceba41283,google-translate-connected-draft
ETP-L10N-050,Refresh history,इतिहास रीफ्रेश करा,इतिहास ताज़ा करें,static-control,www/modules/etp/index.html,no,,translate,Sagar (sagarbora91),4b5c9c5c883f621cc31ea22d18203425ebcdc88d,70f3d21749ccb8da8e5be8ab54a1794192ed29f59e9b298fcce12da30ef669d6,286a5eba08b6c5108c3d4793c5c2ca5030ba92aca8c2c67645dc71937141959c,google-translate-connected-draft
ETP-L10N-051,No verified scope loaded.,कोणतेही सत्यापित स्कोप लोड केलेले नाही.,कोई सत्यापित दायरा लोड नहीं किया गया.,static-status,www/modules/etp/index.html,no,,translate,Sagar (sagarbora91),4b5c9c5c883f621cc31ea22d18203425ebcdc88d,b15180f50684b223a0fd456e0e15263b90965b1440a1eb3f8cd8c7b93129ed61,8ad5b7bc8a4ec4f1ac6e35cf8bcec5249fedb46d37c5f677e71d66909d8d16c8,google-translate-connected-draft
ETP-L10N-052,Verified scope,सत्यापित व्याप्ती,सत्यापित दायरा,static-heading,www/modules/etp/index.html,no,,translate,Sagar (sagarbora91),4b5c9c5c883f621cc31ea22d18203425ebcdc88d,b2357ad523ec4884a24ed23cb3abb0e4bd7fa866874416a8471a07f811487d29,11290797408f11bb331d64c52fc0887f5e0a45b26f8dd26df62196963543b014,google-translate-connected-draft
ETP-L10N-053,"REC-002, R003 and R013 controls remain visible alongside all unresolved tender classifications.","REC-002, R003 आणि R013 नियंत्रणे सर्व निराकरण न झालेल्या पेमेंट-प्रकार वर्गीकरणांसह दृश्यमान राहतील.","REC-002, R003 और R013 नियंत्रण सभी अनसुलझे भुगतान-प्रकार वर्गीकरणों के साथ दिखाई देते रहेंगे।",static-description,www/modules/etp/index.html,yes,R003;R013;REC-002,translate,Sagar (sagarbora91),4b5c9c5c883f621cc31ea22d18203425ebcdc88d,1c0bdaa1f8930ea4b54afdabe515de99486c540219264f55884a9515866cdf93,b471e6c6f86561affe6d96779ef4994c0fd0f67638bc12c36736d2190854d0ac,google-translate-connected-draft
ETP-L10N-054,Refresh exceptions,अपवाद रिफ्रेश करा,अपवाद ताज़ा करें,static-control,www/modules/etp/index.html,no,,translate,Sagar (sagarbora91),4b5c9c5c883f621cc31ea22d18203425ebcdc88d,615d7aa05a31c5a07a2cc40bc021038d5e13d56f1eb2c7cf3205a750a6ab7cc9,d84f6a3d6b76c57411696f71763e2067369a56acf9cfe45e0453ea1ef5a2ea37,google-translate-connected-draft
ETP-L10N-055,R022 ↔ R025,R022 ↔ R025,R022 ↔ R025,safe-literal,www/modules/etp/index.html,yes,R022;R025,preserve-literal,Sagar (sagarbora91),4b5c9c5c883f621cc31ea22d18203425ebcdc88d,df033f08e2bb5daeb0d4c4704cfdc4757cac56680b4fd0372f6422fe773562a7,204798787fa4b3e7a2b7c467d3a546dff8843c35c0586f0894fd4c4fb249cee4,google-translate-connected-draft
ETP-L10N-056,Blocking quantity and net-value reconciliation.,प्रकाशन रोखणारा प्रमाण आणि निव्वळ मूल्याचा ताळमेळ.,प्रकाशन रोकने वाला मात्रा और शुद्ध मूल्य का मिलान।,static-description,www/modules/etp/index.html,no,,translate,Sagar (sagarbora91),4b5c9c5c883f621cc31ea22d18203425ebcdc88d,599aa8afb4e5f017baeaf8499c566c8b1ea98cbc0becfa9eb27a4abb9bafee51,718c689b6e8aa864f3281f0dc3abccb209ea1332e360a5ee1eaa8fadebbf4b2d,google-translate-connected-draft
ETP-L10N-057,Status pending,स्थिती प्रलंबित,स्थिति लंबित है,static-status,www/modules/etp/index.html,no,,translate,Sagar (sagarbora91),4b5c9c5c883f621cc31ea22d18203425ebcdc88d,640e0fa5263a0513aa6b0e0a807b4a0014c4ab7d3329445c481d0c2245336d4d,69db67fdeb2449031da2609b0a5004324484296ce8199ebc2bac3870f43827ad,google-translate-connected-draft
ETP-L10N-058,PAYMENTTYPE25,PAYMENTTYPE25,PAYMENTTYPE25,safe-literal,www/modules/etp/index.html,yes,PAYMENTTYPE25,preserve-literal,Sagar (sagarbora91),4b5c9c5c883f621cc31ea22d18203425ebcdc88d,503da0c006d296a00a59cdc63405c4973c65214e97d524b04c4871e641f97eb5,4a100eba837a40911ba784ca8fe6b63b1d9010947d2e06c4fb0b1217eea61758,google-translate-connected-draft
ETP-L10N-059,Unresolved rows remain quarantined and excluded from classified tender reporting.,निराकरण न झालेल्या ओळी अलग ठेवल्या जातात आणि वर्गीकृत पेमेंट-प्रकार अहवालांतून वगळल्या जातात.,अनसुलझी पंक्तियाँ पृथक रखी जाती हैं और वर्गीकृत भुगतान-प्रकार रिपोर्टिंग से बाहर रखी जाती हैं।,static-description,www/modules/etp/index.html,no,,translate,Sagar (sagarbora91),4b5c9c5c883f621cc31ea22d18203425ebcdc88d,567c5a39addfc183dd8a906535e83910dd68783576356025fefc8c70c56a491c,3737ed4c8cdfd4601f04f817957013268288fa9d09a15b55690cdbdd7eecabdd,google-translate-connected-draft
ETP-L10N-060,Never folded into Others,‘इतर’ मध्ये कधीही एकत्र केले जात नाही,‘अन्य’ में कभी शामिल नहीं किया जाता,static-status,www/modules/etp/index.html,no,,translate,Sagar (sagarbora91),4b5c9c5c883f621cc31ea22d18203425ebcdc88d,bdac0395acb3b87b1411cef7f80c210e25377084249b34290660c7e0959a8e6c,45d5712984f970096549c9f80912329cc07a763176d83645078727931dfa161a,google-translate-connected-draft
ETP-L10N-061,Choose {reportId} XLSX export,{reportId} XLSX निर्यात निवडा,{reportId} XLSX निर्यात चुनें,parameterized-control,www/modules/etp/index.html,yes,XLSX;{reportId},translate,Sagar (sagarbora91),4b5c9c5c883f621cc31ea22d18203425ebcdc88d,82c9d5ec092e17aaa84f59810e2d639c83686d1f600680fcae5c62777d2faeab,c0dfc19e4460bfd6f3d4d5465a756e1d7fabfa79cd3e37e6b9a8fdb4a81d9a69,google-translate-connected-draft
ETP-L10N-062,Secure ETP gateway unavailable. Nothing was changed.,सुरक्षित ETP गेटवे अनुपलब्ध. काहीही बदलले नाही.,सुरक्षित ETP गेटवे अनुपलब्ध है। कुछ भी नहीं बदला गया.,dynamic-error,www/modules/etp/index.html,yes,ETP,translate,Sagar (sagarbora91),4b5c9c5c883f621cc31ea22d18203425ebcdc88d,9d85ad35e0b58ec2a51825ba2ddb8649cb765346c210ceb359c98cd9f36520cc,fd74819c63fbc92606ff6f21f1e7c110858f2fd747bc4e5dd14a503ce3af7abe,google-translate-connected-draft
ETP-L10N-063,"Enter a valid store, financial year and complete date period.","वैध स्टोअर, आर्थिक वर्ष आणि पूर्ण तारीख कालावधी प्रविष्ट करा.","वैध स्टोर, वित्तीय वर्ष और पूर्ण दिनांक अवधि दर्ज करें।",dynamic-error,www/modules/etp/index.html,no,,translate,Sagar (sagarbora91),4b5c9c5c883f621cc31ea22d18203425ebcdc88d,d79e86bdde157b03533418ce922de90ac0e0e9f2e3b0b19d9e1abc9110663960,dac84bec1ad733a5465cb6c4b28881a7f26e966fc2c3b89a8926551d42b02499,google-translate-connected-draft
ETP-L10N-064,"Select one exact XLSX export for each of R003, R013, R022 and R025.","R003, R013, R022 आणि R025 पैकी प्रत्येकासाठी एक अचूक XLSX निर्यात निवडा.","R003, R013, R022 और R025 में से प्रत्येक के लिए एक सटीक XLSX निर्यात चुनें।",dynamic-error,www/modules/etp/index.html,yes,R003;R013;R022;R025;XLSX,translate,Sagar (sagarbora91),4b5c9c5c883f621cc31ea22d18203425ebcdc88d,7718ae1776fcb7e1743085cbfcc0c46b2644268bd48f46990dbc667a8be18e27,eaa42b2de8229888717121e8ebda1a6a3338933bff8c35db45fbebae88b43fbd,google-translate-connected-draft
ETP-L10N-065,Confirm that all four exports cover the complete selected period.,सर्व चार निर्यात पूर्ण निवडलेला कालावधी कव्हर करत असल्याची खात्री करा.,पुष्टि करें कि सभी चार निर्यात पूरी चयनित अवधि को कवर करते हैं।,dynamic-error,www/modules/etp/index.html,no,,translate,Sagar (sagarbora91),4b5c9c5c883f621cc31ea22d18203425ebcdc88d,864f182d8a7a157d1ee54d2d6879af9c1a43fbb7edec928b860ca177d0f463a5,63ddbfad9f09c2b741d35da45eb9cf7c0c92dab0d55178f64a193e0ab848d8b5,google-translate-connected-draft
ETP-L10N-066,Validating four reports securely. Nothing is published yet.,चार अहवालांची सुरक्षितपणे पडताळणी होत आहे. अजून काहीही प्रकाशित झालेले नाही.,चार रिपोर्टों का सुरक्षित रूप से सत्यापन हो रहा है। अभी कुछ भी प्रकाशित नहीं हुआ है।,dynamic-status,www/modules/etp/index.html,no,,translate,Sagar (sagarbora91),4b5c9c5c883f621cc31ea22d18203425ebcdc88d,0f482548f222e55d4d40c556b9f6bbb05aa3005d0f18d3fbd6e0a5827cc20a5f,ed3be4fdb5f76af01f3f8c77415b1eea0243944c6a112dcf641827bd3eaf22cb,google-translate-connected-draft
ETP-L10N-067,"Validation and reconciliation passed. Review the scope, then confirm publication with Owner approval.","पडताळणी आणि ताळमेळ यशस्वी झाला. व्याप्ती तपासा, नंतर मालकाच्या मंजुरीने प्रकाशनाची पुष्टी करा.","सत्यापन और मिलान सफल हुआ। दायरे की समीक्षा करें, फिर मालिक की मंजूरी से प्रकाशन की पुष्टि करें।",dynamic-success,www/modules/etp/index.html,no,,translate,Sagar (sagarbora91),4b5c9c5c883f621cc31ea22d18203425ebcdc88d,83925bc2b159b6d77e38c03b946e07d5dbeed65239f4120adbd9687f33e6a626,45114bbb6ea4f6fa9b49f84ca499642bb3be850c84dff6e3dea6592f873575c1,google-translate-connected-draft
ETP-L10N-068,This exact report set is already current. No duplicate publication was created.,हा अचूक अहवाल संच आधीच चालू आहे. कोणतेही डुप्लिकेट प्रकाशन तयार केले नाही.,यह सटीक रिपोर्ट सेट पहले से ही चालू है। कोई डुप्लिकेट प्रकाशन नहीं बनाया गया.,dynamic-success,www/modules/etp/index.html,no,,translate,Sagar (sagarbora91),4b5c9c5c883f621cc31ea22d18203425ebcdc88d,6a509e35ebe35174a248cc89c3dc51bb481f0259fd1f32b6242bd1156e05d018,3110938b5d1942195db6adc02a6988fe6ad770c979a399d9904367b24e6a2d82,google-translate-connected-draft
ETP-L10N-069,Validation stopped safely ({code}). Nothing was published.,प्रमाणीकरण सुरक्षितपणे थांबले ({code}). काहीही प्रकाशित झाले नाही.,सत्यापन सुरक्षित रूप से रुका ({code})। कुछ भी प्रकाशित नहीं हुआ.,parameterized-error,www/modules/etp/index.html,yes,{code},translate,Sagar (sagarbora91),4b5c9c5c883f621cc31ea22d18203425ebcdc88d,bbfc8895ddfb7c39a660e6ad6593908b16bfda13cff0da8b9b2ed702e4b3fae6,b3471327351cbf7e62fdc0c37af195e677677153ddc4673539e018737f9324f9,google-translate-connected-draft
ETP-L10N-070,Requesting fresh Owner approval and atomic publication…,मालकाची नव्याने मंजुरी आणि एकाच सुरक्षित टप्प्यात प्रकाशन करण्याची विनंती करत आहे...,मालिक की नई मंजूरी और एक सुरक्षित चरण में प्रकाशन का अनुरोध किया जा रहा है...,dynamic-status,www/modules/etp/index.html,no,,translate,Sagar (sagarbora91),4b5c9c5c883f621cc31ea22d18203425ebcdc88d,05d3b2a2ed318c95e0b78a3a97db171dbdb7f5ec65e2688320824e17bd5d552b,514531ffddf6408064bd16e3fb110fc795ccf20bcaef65b273649192a1be6865,google-translate-connected-draft
ETP-L10N-071,Verified reports published successfully. The active generation is ready for approved views.,सत्यापित अहवाल यशस्वीपणे प्रकाशित झाले. सक्रिय डेटा आवृत्ती मंजूर दृश्यांसाठी तयार आहे.,सत्यापित रिपोर्ट सफलतापूर्वक प्रकाशित हुईं। सक्रिय डेटा पीढ़ी अनुमोदित दृश्यों के लिए तैयार है।,dynamic-success,www/modules/etp/index.html,no,,translate,Sagar (sagarbora91),4b5c9c5c883f621cc31ea22d18203425ebcdc88d,9d58df0ae11a4572e9b2f345929b57d3b8c37d0f45755908177d3f02dcbf625c,8304275a69d817a96e0c38b0b7894038363b03d6208b7e3b4bf19d6f5f9e7720,google-translate-connected-draft
ETP-L10N-072,Publication stopped safely ({code}).,प्रकाशन सुरक्षितपणे थांबवले ({code}).,प्रकाशन सुरक्षित रूप से बंद हो गया ({code})।,parameterized-error,www/modules/etp/index.html,yes,{code},translate,Sagar (sagarbora91),4b5c9c5c883f621cc31ea22d18203425ebcdc88d,4d71d87f33877f08a259d5c53a2435a404c32ffafbb7389eadf437440d623fec,a9bc057dd5d88c898af2a340a428101d27816800dcb84972d0d743c2611b5cf2,google-translate-connected-draft
ETP-L10N-073,No published scope selected,प्रकाशित क्षेत्र निवडले नाही,कोई प्रकाशित दायरा चयनित नहीं,dynamic-status,www/modules/etp/index.html,no,,translate,Sagar (sagarbora91),4b5c9c5c883f621cc31ea22d18203425ebcdc88d,b09c003dd27c6c80157bc1d6bb25638f634cc9269dd39d56680c88f078a77686,e139ee6c42ca47db4086a7b0b38cd8f81e6ec8aa7465aebcae06aaa07c959ce4,google-translate-connected-draft
ETP-L10N-074,{storeCode} · {financialYear} · {periodStart} to {periodEnd},{storeCode} · {financialYear} · {periodStart} ते {periodEnd},{storeCode} · {financialYear} · {periodStart} से {periodEnd},parameterized-business-data,www/modules/etp/index.html,yes,{financialYear};{periodEnd};{periodStart};{storeCode},translate,Sagar (sagarbora91),4b5c9c5c883f621cc31ea22d18203425ebcdc88d,d4b128d2c1bc9a654944a83fbee488d8a0ffb567700c3d415473638ee4651741,b7b3cd988053ae390c0b55fb1e6feb600f6020f955eb693fc32591291af5075c,google-translate-connected-draft
ETP-L10N-075,Native state,नेटिव्ह स्थिती,नेटिव स्थिति,dynamic-label,www/modules/etp/index.html,no,,translate,Sagar (sagarbora91),4b5c9c5c883f621cc31ea22d18203425ebcdc88d,75b2b335269f158a3982043a1b559d8febac81f9fe5fd39ea59dab2fcdf2f03e,08de71ca7c75afd9434b5d7cb55f537badbfa69973f3feef0e187a696069e5b9,google-translate-connected-draft
ETP-L10N-076,Unavailable,अनुपलब्ध,अनुपलब्ध,dynamic-fallback,www/modules/etp/index.html,no,,translate,Sagar (sagarbora91),4b5c9c5c883f621cc31ea22d18203425ebcdc88d,ca184496974204a0bd3fd4925e0540bc4b0df6fcc232994d29754272b7183812,19b041a4accf66946d8499ad8965f5bf772954e3d9c84f7bc4b2b413963e4358,google-translate-connected-draft
ETP-L10N-077,Published,प्रकाशित,प्रकाशित,dynamic-label,www/modules/etp/index.html,no,,translate,Sagar (sagarbora91),4b5c9c5c883f621cc31ea22d18203425ebcdc88d,2ef42ec21d9300dd21ae3c7ca3711806cce3003fa4edafd22ee744fe86599799,8c8d7326acf0054c2ad1b150b5bb897901c5854fbd50df8e48560a6ffde064bc,google-translate-connected-draft
ETP-L10N-078,Reconciliation,ताळमेळ,मिलान,dynamic-label,www/modules/etp/index.html,no,,translate,Sagar (sagarbora91),4b5c9c5c883f621cc31ea22d18203425ebcdc88d,c24d50c6e956930478448e49d4c39a311d845aea4b0bd2b0355e912975294cd5,87e6ac6b75c0de17d889efa5e38049800517ad1fe7f98fff3236bc8409175e12,google-translate-connected-draft
ETP-L10N-079,Generation,पिढी,पीढ़ी,dynamic-label,www/modules/etp/index.html,no,,translate,Sagar (sagarbora91),4b5c9c5c883f621cc31ea22d18203425ebcdc88d,40536dd8a0e2d0c77825529561e1c5091310fe90a8a94524c7bd9b4c8f1fc091,36920ed30f786e880421bff424b3ee7a593d85fc1046b5704e657180cf86e0de,google-translate-connected-draft
ETP-L10N-080,Previous accepted generations,मागील स्वीकृत पिढ्या,पिछली स्वीकृत पीढ़ियाँ,dynamic-heading,www/modules/etp/index.html,no,,translate,Sagar (sagarbora91),4b5c9c5c883f621cc31ea22d18203425ebcdc88d,614345596f678fb2c939b064263add70bac117a31f42c2cec22a6fe9144f30e4,939036af97f245f5924c46828b332c1d852eb458ffe0c37e2ee1e1033b763845,google-translate-connected-draft
ETP-L10N-081,No previous accepted generation.,पूर्वीची स्वीकारलेली पिढी नाही.,कोई पिछली स्वीकृत पीढ़ी नहीं.,dynamic-status,www/modules/etp/index.html,no,,translate,Sagar (sagarbora91),4b5c9c5c883f621cc31ea22d18203425ebcdc88d,3fc466622617832adba33c2357537e073c0403c08622137588b1e652782975bf,f05cfb7b55a03e488d04f26bc0d4b6e8625d39e0e9ccaf359c30ab43a30acc0e,google-translate-connected-draft
ETP-L10N-082,Unknown date,अज्ञात तारीख,अज्ञात तिथि,dynamic-fallback,www/modules/etp/index.html,no,,translate,Sagar (sagarbora91),4b5c9c5c883f621cc31ea22d18203425ebcdc88d,ad224bb89c8a3fb6dc0b567dd13c3c4f104deb2acf64aa3679d85301f007a6ee,99f20e1678fc0bc0b2de19b3c2fa40ddb3bc9a81c00ba6f858f77a7d058a4d58,google-translate-connected-draft
ETP-L10N-083,Unknown generation,अज्ञात पिढी,अज्ञात पीढ़ी,dynamic-fallback,www/modules/etp/index.html,no,,translate,Sagar (sagarbora91),4b5c9c5c883f621cc31ea22d18203425ebcdc88d,12c786e2586639fe5dd18da08ea409edd65c5edb7e841a4de4ade5742e82045b,667372a157d48364ed78a9eff9dc40b418f9cee93361ece6027e3cb4a35e18ad,google-translate-connected-draft
ETP-L10N-084,Re-import required,पुन्हा आयात करणे आवश्यक आहे,पुनः आयात की आवश्यकता है,dynamic-heading,www/modules/etp/index.html,no,,translate,Sagar (sagarbora91),4b5c9c5c883f621cc31ea22d18203425ebcdc88d,18582985268fa4f1c157d374b32fa684fee88553305254fabf010a29385a84ba,50ac40fad54a41f9857748969b6c27b3c44d060e723eaa839ab6c8f4eb20fbc3,google-translate-connected-draft
ETP-L10N-085,Scope unavailable,स्कोप अनुपलब्ध,दायरा अनुपलब्ध,dynamic-heading,www/modules/etp/index.html,no,,translate,Sagar (sagarbora91),4b5c9c5c883f621cc31ea22d18203425ebcdc88d,38a32037c55100c3ad97878ca4e361a734a3422fb35bdbaeacebf4babb16cdf3,fd7a8bc4a181aa40dc3778fcbf52fe7c8753c8c0ee1fa2594c655444e4ed81e5,google-translate-connected-draft
ETP-L10N-086,Verified reads are fenced after restore. Re-import the exact four reports for this scope.,पुनर्स्थापनेनंतर सत्यापित डेटा वाचनावर प्रवेश-अवरोध लागू आहे. या व्याप्तीसाठी नेमके चार अहवाल पुन्हा आयात करा.,पुनर्स्थापना के बाद सत्यापित डेटा पढ़ने की पहुँच अवरुद्ध है। इस दायरे के लिए ठीक चार रिपोर्ट पुनः आयात करें।,dynamic-error,www/modules/etp/index.html,no,,translate,Sagar (sagarbora91),4b5c9c5c883f621cc31ea22d18203425ebcdc88d,d0a780a8a35a683f0dd7ad92f35e16c494e224020cac466d7e32d374a3c4d19c,d1204295562517e89230c278bf22163dee0348cc98d5144e172e3c51ad482448,google-translate-connected-draft
ETP-L10N-087,This scope could not be inspected safely ({code}).,या व्याप्तीची सुरक्षितपणे तपासणी करता आली नाही ({code}).,इस दायरे का सुरक्षित रूप से निरीक्षण नहीं किया जा सका ({code})।,parameterized-error,www/modules/etp/index.html,yes,{code},translate,Sagar (sagarbora91),4b5c9c5c883f621cc31ea22d18203425ebcdc88d,58812a9eca9ec880740f2f404a9433a8fb1854f6a8af318599638fed3f51c93a,2193814036426da8f41e40a8cdf3aad67d80cde19dba80c24f44322e4c6c5c2e,google-translate-connected-draft
ETP-L10N-088,Verified data gateway unavailable,सत्यापित डेटा गेटवे अनुपलब्ध,सत्यापित डेटा गेटवे अनुपलब्ध है,dynamic-heading,www/modules/etp/index.html,no,,translate,Sagar (sagarbora91),4b5c9c5c883f621cc31ea22d18203425ebcdc88d,76151d7447f61b865de60a3ebed2dc82b94cd8ab1a888171a59e0368e1c91af8,3d9413a36416545c2ae2cd32e36f84ec320cbad6d1c0350d4dea63d4928a5769,google-translate-connected-draft
ETP-L10N-089,No ETP data can be read or changed.,कोणताही ETP डेटा वाचता किंवा बदलला जाऊ शकत नाही.,कोई ETP डेटा पढ़ा या बदला नहीं जा सकता।,dynamic-error,www/modules/etp/index.html,yes,ETP,translate,Sagar (sagarbora91),4b5c9c5c883f621cc31ea22d18203425ebcdc88d,05c1b40f9ee0f3582df4c609f49f42a009cb639b23a4d923437a28716b1826ad,03666c08a003509c53f16c9d8023f2274a7a463b0074d4b489b1e1957bf67312,google-translate-connected-draft
ETP-L10N-090,Secure ETP gateway unavailable.,सुरक्षित ETP गेटवे अनुपलब्ध.,सुरक्षित ETP गेटवे अनुपलब्ध है।,dynamic-error,www/modules/etp/index.html,yes,ETP,translate,Sagar (sagarbora91),4b5c9c5c883f621cc31ea22d18203425ebcdc88d,77e1e3be80da2919228de5621fcd1b8e2085c3eb7f6d277a0e643eacb2298389,b58f031a33f0eabb372d668ce3a08eb7531333a2746669c52a6a471ac26af531,google-translate-connected-draft
ETP-L10N-091,Verified scope list unavailable ({code}).,सत्यापित स्कोप सूची अनुपलब्ध ({code}).,सत्यापित स्कोप सूची अनुपलब्ध है ({code})।,parameterized-error,www/modules/etp/index.html,yes,{code},translate,Sagar (sagarbora91),4b5c9c5c883f621cc31ea22d18203425ebcdc88d,390e2c2842a9ff967c1d268015cbe5e3807a918f014a65b4dd77e619641d1303,0f0d504d599bf81bb00d26491bc1467ace0093e2844b5442111e90e6df5fe585,google-translate-connected-draft
ETP-L10N-092,Verified data gateway ready,सत्यापित डेटा गेटवे तयार आहे,सत्यापित डेटा गेटवे तैयार है,dynamic-heading,www/modules/etp/index.html,no,,translate,Sagar (sagarbora91),4b5c9c5c883f621cc31ea22d18203425ebcdc88d,e7c60277791b8a02cf076e7f44dee62534d27a53eee45ab0ae8d81c864e750b7,c562073ab36cf856d23c76004efdb92f775a94979d24862678313d730575873c,google-translate-connected-draft
ETP-L10N-093,{count} verified scope(s) available.,उपलब्ध सत्यापित व्याप्ती: {count},उपलब्ध सत्यापित दायरे: {count},parameterized-status,www/modules/etp/index.html,yes,{count},translate,Sagar (sagarbora91),4b5c9c5c883f621cc31ea22d18203425ebcdc88d,9f4364b7dfaa53fc79e4764e7b8728985968a4637812cf21c86d80f31f26f2d5,e8137662482052006c5cd9f39dd7d34c1a044cdd06fdadfde38a05dac8dc2ce8,google-translate-connected-draft
ETP-L10N-094,No verified scope has been published yet.,अद्याप कोणतेही सत्यापित स्कोप प्रकाशित केले गेले नाही.,अभी तक कोई सत्यापित दायरा प्रकाशित नहीं किया गया है।,dynamic-status,www/modules/etp/index.html,no,,translate,Sagar (sagarbora91),4b5c9c5c883f621cc31ea22d18203425ebcdc88d,5bc98995274b560c1102cf8e5ccbb679996ffbbfa749d4fe11255d9ce273d991,cfd12f3a70dd6ce592db6a4174ee9879ddb98a23b3c02aacc41aeb5fe7aed7f3,google-translate-connected-draft
ETP-L10N-095,{storeCode} · {financialYear},{storeCode} · {financialYear},{storeCode} · {financialYear},parameterized-business-data,www/modules/etp/index.html,yes,{financialYear};{storeCode},preserve-literal,Sagar (sagarbora91),4b5c9c5c883f621cc31ea22d18203425ebcdc88d,d8bd955bd73a362695b3c0c71ae0c3408017eeec1633d8f776619fc1f595222e,c2e8045e40f2b8f51781e5b09c0eae85e76e322dd4dcc507127ed33a327a4e33,google-translate-connected-draft
ETP-L10N-096,{periodStart} to {periodEnd} · published {publishedAt},{periodStart} ते {periodEnd} · प्रकाशित {publishedAt},{periodStart} से {periodEnd} · प्रकाशित {publishedAt},parameterized-business-data,www/modules/etp/index.html,yes,{periodEnd};{periodStart};{publishedAt},translate,Sagar (sagarbora91),4b5c9c5c883f621cc31ea22d18203425ebcdc88d,72c841cc5a46cd96ef1d1bd29ee4ba9a92c12aa27abb850095309437ba689185,9e91b934cf4b56ede5625e67180fa2d115f815da2bdcc19797c801e8710adf18,google-translate-connected-draft
ETP-L10N-097,View,पहा,देखें,dynamic-control,www/modules/etp/index.html,no,,translate,Sagar (sagarbora91),4b5c9c5c883f621cc31ea22d18203425ebcdc88d,dcc839a4015c4b7dd9db959a8f757833b8adb92462a751b973386e453c6d58a3,e72595933ec12e15b7b517e99bc5f031bec768e91b7c3a54e84c41ac330249fa,google-translate-connected-draft
ETP-L10N-098,Unspecified brand,अनिर्दिष्ट ब्रँड,अनिर्दिष्ट ब्रांड,dynamic-fallback,www/etp-verified-presentation.js,no,,translate,Sagar (sagarbora91),4b5c9c5c883f621cc31ea22d18203425ebcdc88d,d470ac35de015fab9c7e50bee501f2804340c3cc2e7d04d21321de7f51aa6206,0ff4aca5919331591eb17c30595d7dfa84fc0805f4c21825d1bd6271842be342,google-translate-connected-draft
ETP-L10N-099,Unassigned CRO,CRO न जोडलेले,CRO असाइन नहीं,dynamic-fallback,www/etp-verified-presentation.js,yes,CRO,translate,Sagar (sagarbora91),4b5c9c5c883f621cc31ea22d18203425ebcdc88d,62542a90526fae5dc7c95b741eeb95c082d40b313f85c86c03fed762b32402cd,934aa66836fed06d70ad2aee55e4ded7f2be40fc75de750b38f630b6666b630a,google-translate-connected-draft
ETP-L10N-100,Other verified groups,इतर सत्यापित गट,अन्य सत्यापित समूह,dynamic-label,www/etp-verified-presentation.js,no,,translate,Sagar (sagarbora91),4b5c9c5c883f621cc31ea22d18203425ebcdc88d,2e2a39d3efd6ef3d82719c460a03af129b93b9f56223bac2d746e5fb14e81a3e,59e76370a0c868b666b8452eb794e4e3ac2eb87c6e33cb3f7fe7524802cafeff,google-translate-connected-draft
ETP-L10N-101,Verified rows,सत्यापित पंक्ती,सत्यापित पंक्तियाँ,dynamic-label,www/etp-verified-presentation.js,no,,translate,Sagar (sagarbora91),4b5c9c5c883f621cc31ea22d18203425ebcdc88d,0ccebdc2df84ebb2701ddf46ed324033a15181e3106bb9b285fb8df49f496ab4,d17a135b8d2ca5fbf755606b7beddd819203f22c5d5c3d197239a51f6b907dc9,google-translate-connected-draft
ETP-L10N-102,Signed net,चिन्हासह निव्वळ रक्कम,चिह्न सहित शुद्ध राशि,dynamic-label,www/etp-verified-presentation.js,no,,translate,Sagar (sagarbora91),4b5c9c5c883f621cc31ea22d18203425ebcdc88d,42474e590dca3d12ccd2b9d45fc306e89697985c0e23967a7dc05bf2f5060278,953f35b52034891403e850a09df7b9f0728433a559bffb33fcbcb310d48d74ca,google-translate-connected-draft
ETP-L10N-103,Signed quantity,चिन्हासह प्रमाण,चिह्न सहित मात्रा,dynamic-label,www/etp-verified-presentation.js,no,,translate,Sagar (sagarbora91),4b5c9c5c883f621cc31ea22d18203425ebcdc88d,d9d6f9a45b27466f5fbf145788849077667bab3fb6b390299eda3fc5bf879a21,40d8460d973dbf08d8f4be0cbaf5b6d3256600c7fed0a6544cc7e74d97155247,google-translate-connected-draft
ETP-L10N-104,Scheme discount,योजना सवलत,योजना छूट,dynamic-label,www/etp-verified-presentation.js,no,,translate,Sagar (sagarbora91),4b5c9c5c883f621cc31ea22d18203425ebcdc88d,4f5aa0b29557e146abf345bc8233b5a5c121c2ae665aab230772d1b92dc0e19b,df616efa0bdc2aafceeb9190bc570feacb4bd7d4823ff5246ab50a9cd6e2c22c,google-translate-connected-draft
ETP-L10N-105,Blocking reconciliation,प्रकाशन रोखणारा ताळमेळ,प्रकाशन रोकने वाला मिलान,dynamic-heading,www/etp-verified-presentation.js,no,,translate,Sagar (sagarbora91),4b5c9c5c883f621cc31ea22d18203425ebcdc88d,0de7f3d795fc382cd013938f2597abf2e1ae57647154da3b1c58d7a6e3baafd3,ba989fc6aca0b52a0cf53737d45d4551b6d0f874ac169dc856af27211c4714d4,google-translate-connected-draft
ETP-L10N-106,{reconciliationStatus|UNAVAILABLE} · {ruleVersion|rule unavailable},{reconciliationStatus|UNAVAILABLE} · {ruleVersion|rule unavailable},{reconciliationStatus|UNAVAILABLE} · {ruleVersion|rule unavailable},parameterized-status,www/etp-verified-presentation.js,yes,UNAVAILABLE;{reconciliationStatus|UNAVAILABLE};{ruleVersion|rule unavailable},preserve-literal,Sagar (sagarbora91),4b5c9c5c883f621cc31ea22d18203425ebcdc88d,0624d628e7d3522e13eb1238748e8a0529d2b1cb8a36a5cfd6e592fe52247a15,76c679409bfd785d98da2bd63108481615c05395f1b0ec07309d0a2851f9f8d4,google-translate-connected-draft
ETP-L10N-107,rule unavailable,नियम अनुपलब्ध,नियम अनुपलब्ध,dynamic-fallback,www/etp-verified-presentation.js,no,,translate,Sagar (sagarbora91),4b5c9c5c883f621cc31ea22d18203425ebcdc88d,96040e85147b08017d8fd19ce6b985d74ae540c1376cb2c56e040e24917bd8b6,d859d1486e0633c625c731fb425443c3fa1cf0164c60667114f89921cf4e175a,google-translate-connected-draft
ETP-L10N-108,{reportId} enrichment exceptions,{reportId} समृद्धीकरण अपवाद,{reportId} संवर्धन अपवाद,parameterized-heading,www/etp-verified-presentation.js,yes,{reportId},translate,Sagar (sagarbora91),4b5c9c5c883f621cc31ea22d18203425ebcdc88d,dada12ff09e15024d74c655e8d7f5971657506602ea2299246357e862c2d88c6,d2e10c0143bdb7a9edf116ff61f76674e8459503df3ac5c591406e461f4968ed,google-translate-connected-draft
ETP-L10N-109,{status|UNAVAILABLE} · {differenceCount} difference(s) · does not change revenue,{status|UNAVAILABLE} · {differenceCount} फरक · महसूल बदलत नाही,{status|UNAVAILABLE} · {differenceCount} अंतर · राजस्व में परिवर्तन नहीं होता,parameterized-status,www/etp-verified-presentation.js,yes,UNAVAILABLE;{differenceCount};{status|UNAVAILABLE},translate,Sagar (sagarbora91),4b5c9c5c883f621cc31ea22d18203425ebcdc88d,59f7bcaac3f899b3df19b286b2d0f230e88a90c2f040352958cbee8b8c0673fe,822dc7b83249d63bc4dfb3342834387e0a03c264b179f34ec9608b0127074c8e,google-translate-connected-draft
ETP-L10N-110,PAYMENTTYPE25 quarantine,PAYMENTTYPE25 अलग ठेवणे,PAYMENTTYPE25 संगरोध,dynamic-heading,www/etp-verified-presentation.js,yes,PAYMENTTYPE25,translate,Sagar (sagarbora91),4b5c9c5c883f621cc31ea22d18203425ebcdc88d,da085592ed7f310e199772b12e5a0f4f48a765e6785a9fd6c5f0ee9a0e166880,72974cae6923e91ab908d19941cb0d573983618618b6b658c7324dcd5da2dec8,google-translate-connected-draft
ETP-L10N-111,{rowCount} unresolved row(s) remain quarantined and excluded from classified tender reporting.,{rowCount} निराकरण न झालेल्या ओळी अलग ठेवलेल्या राहतील आणि वर्गीकृत पेमेंट-प्रकार अहवालांतून वगळल्या जातील.,{rowCount} अनसुलझी पंक्तियाँ पृथक रहेंगी और वर्गीकृत भुगतान-प्रकार रिपोर्टिंग से बाहर रखी जाएँगी।,parameterized-status,www/etp-verified-presentation.js,yes,{rowCount},translate,Sagar (sagarbora91),4b5c9c5c883f621cc31ea22d18203425ebcdc88d,d882b66d32acf2a5635b8a9ace7672fb2a8977145c63f6371bbe93194395e4e8,db65cdf37e8f3a010d38c40231a8bda969cc00e0a65c559dca59023eab7fdb44,google-translate-connected-draft
ETP-L10N-112,Loading bounded verified projections…,मर्यादित सत्यापित डेटा दृश्ये लोड होत आहेत...,सीमित सत्यापित डेटा दृश्य लोड हो रहे हैं...,dynamic-status,www/etp-verified-presentation.js,no,,translate,Sagar (sagarbora91),4b5c9c5c883f621cc31ea22d18203425ebcdc88d,eacf4027d5a8b905e47bba89da0d0200786976b87a9c976cc0b36c769fd432e1,06b16064f9993a6663c3017dab6378f45e0c6e69e6f03a44c926eda875e57b45,google-translate-connected-draft
ETP-L10N-113,Loading reconciliation and quarantine status…,ताळमेळ आणि अलग ठेवण्याची स्थिती लोड होत आहे...,मिलान और पृथक्करण की स्थिति लोड हो रही है...,dynamic-status,www/etp-verified-presentation.js,no,,translate,Sagar (sagarbora91),4b5c9c5c883f621cc31ea22d18203425ebcdc88d,001c5879b08c84bcff6c13b37e505626ef077a1d37b70e5f4c36908b385eb7dd,d5bf3cde4b44b49f5bdabd869971d3a5b2231f3b584a67e222f7faed8fa23424,google-translate-connected-draft
ETP-L10N-114,Verified views unavailable: {code},सत्यापित दृश्ये अनुपलब्ध: {code},सत्यापित दृश्य अनुपलब्ध: {code},parameterized-error,www/etp-verified-presentation.js,yes,{code},translate,Sagar (sagarbora91),4b5c9c5c883f621cc31ea22d18203425ebcdc88d,3790c1765472e4c3384294e6ae88762979afceed6070d1c2ecb056048bf7fb1f,d904c2f001c412918d23654b27c7813e0032e784581aa76d212e559eb4a1a3eb,google-translate-connected-draft
ETP-L10N-115,UNAVAILABLE,UNAVAILABLE,UNAVAILABLE,safe-literal,www/etp-verified-presentation.js,yes,UNAVAILABLE,preserve-literal,Sagar (sagarbora91),4b5c9c5c883f621cc31ea22d18203425ebcdc88d,eb0be6d636d52794e3ab5c50e7ef17aac1235da10f904ab59fbe8b9c73c30cf9,ba03a126a2ce2ed80e3d35cec237f59d59cf463e2eb5bdc9a4838552af1a798f,google-translate-connected-draft
ETP-L10N-116,Revenue & tender,महसूल आणि पेमेंट प्रकार,राजस्व और भुगतान प्रकार,dynamic-heading,www/etp-verified-presentation.js,no,,translate,Sagar (sagarbora91),4b5c9c5c883f621cc31ea22d18203425ebcdc88d,0b4f3caf1fadf70fed8df8c8c876e3b311afc287cf0a8f93ed7899b3606ff3be,744cea3a8a3d3985c41816e041f4b256158819075aaf5ca3e3590617accb79f4,google-translate-connected-draft
ETP-L10N-117,Sales detail,विक्री तपशील,बिक्री विवरण,dynamic-heading,www/etp-verified-presentation.js,no,,translate,Sagar (sagarbora91),4b5c9c5c883f621cc31ea22d18203425ebcdc88d,86a442ed4f3b923125a704ada1c14d42bae39653965889ab25c21ab749fdf794,e1e7e9769d14189bfe996447b0c9edd274681e5f25c61c9f3d5c7c9ffa019f78,google-translate-connected-draft
ETP-L10N-118,CRO attribution,CRO विक्री श्रेय,CRO बिक्री श्रेय,dynamic-heading,www/etp-verified-presentation.js,yes,CRO,translate,Sagar (sagarbora91),4b5c9c5c883f621cc31ea22d18203425ebcdc88d,ce9cae66afbac7f96946f0849123ca6a43b2daf9fadc7b8edfcf3e5a8c64f52f,038f3931d8e6e9c0532d676d231f2c7cf44c9e83f2ae834b3316868c192862da,google-translate-connected-draft
ETP-L10N-119,Discounts,सवलती,छूट,dynamic-heading,www/etp-verified-presentation.js,no,,translate,Sagar (sagarbora91),4b5c9c5c883f621cc31ea22d18203425ebcdc88d,bbf45efe4f37dcd66b38cf37ae0cb4bcd3dda10f634ec2ae53ce65f93113a9a7,bb04e005242a7ee98d6b747adddd6e846484a462f0b181f1d427d989d995fd2e,google-translate-connected-draft
